published_date,title,url,source_domain,feed_name_effective,feed_name
09/10/2026,Morgan Miller - Nosebleeds(OFFICIAL MUSIC VIDEO) - YouTube,https://youtu.be/PoI27uvKV7s?is=iEUCFpvx87K6NMxO,youtu.be,,Companies - Batch 04 (Cytovia→Lyotropic Delivery Systems)
09/10/2026,"Unbeaten girls soccer team wins again, moves a step closer to 1st division title since 2018",https://www.nj.com/highschoolsports/2026/10/unbeaten-girls-soccer-team-wins-again-moves-a-step-closer-to-1st-division-title-since-2018.html,nj.com,,Companies - Batch 03 (AMAT (S) PTE.→Cooling Crops)
09/10/2026,Why Malaysian businesses are rethinking how they track spending - The Star,https://www.thestar.com.my/starpicks/2026/10/09/why-malaysian-businesses-are-rethinking-how-they-track-spending,thestar.com.my,,Companies - Batch 05 (MED PNC→Phenom Networks)
09/10/2026,Duke Nukem Forever Başarımlar | GAMES.GG,https://games.gg/tr/duke-nukem-forever/achievements/,games.gg,,Companies - Batch 04 (Cytovia→Lyotropic Delivery Systems)
09/10/2026,"Europe Retread Tire Market Size, Share, Trends, and Forecast, 2026-2031 - GlobeNewswire",https://www.globenewswire.com/news-release/2026/10/09/3377920/28124/en/europe-retread-tire-market-size-share-trends-and-forecast-2026-2031-circular-economy-rules-and-fleet-cost-savings-unlock-digital-retreading-growth.html,globenewswire.com,,Companies - Batch 02 (Philoseed→Scopus BioPharma)
09/10/2026,"BRI Danareksa Sekuritas Equity Snapshot - Friday,October 09,2026",https://www.brights.id/en/research-and-news/research-report/bri-danareksa-sekuritas-equity-snapshot-fridayoctober-092026,brights.id,,Companies - Batch 05 (MED PNC→Phenom Networks)
09/10/2026,Consumer: 3Q26 Preview: Topline Holds Up Despite Margin Headwinds (OVERWEIGHT),https://www.brights.id/en/research-and-news/research-report/consumer-3q26-preview-topline-holds-up-despite-margin-headwinds-overweight,brights.id,,Companies - Batch 05 (MED PNC→Phenom Networks)
09/10/2026,Top 100 Most Iconic Beatbox Solo Wildcards of All Time - YouTube,https://youtu.be/zqcykjU_nkU,youtu.be,,Companies - Batch 04 (Cytovia→Lyotropic Delivery Systems)
08/10/2026,10 Times Star Trek: Voyager Went Woke - Yahoo,https://www.yahoo.com/entertainment/tv/articles/10-times-star-trek-voyager-112715160.html,yahoo.com,,Companies - Batch 04 (Cytovia→Lyotropic Delivery Systems)
08/10/2026,10 Times Star Trek: Voyager Went Woke - WhatCulture.com,https://whatculture.com/tv/10-times-star-trek-voyager-went-woke,whatculture.com,,Companies - Batch 04 (Cytovia→Lyotropic Delivery Systems)
08/10/2026,Skyrocketing demand for home education in Hull and East Yorkshire - Hull Live,https://www.hulldailymail.co.uk/news/hull-east-yorkshire-news/skyrocketing-demand-home-education-hull-11188336,hulldailymail.co.uk,,Companies - Batch 04 (Cytovia→Lyotropic Delivery Systems)
08/10/2026,<b>MYOR</b> Share Price Today (IDX: <b>MYOR</b>) — Live Chart &amp; Levels - JournalArta,https://journalarta.com/en/markets/stocks/myor/,journalarta.com,,Companies - Batch 05 (MED PNC→Phenom Networks)
08/10/2026,"Hipolito Baltierrez Obituary (2026) - Odessa, TX - Martinez Funeral Home and Crematory",https://www.legacy.com/us/obituaries/name/hipolito-baltierrez-obituary?id=62701258,legacy.com,,Companies - Batch 04 (Cytovia→Lyotropic Delivery Systems)
08/10/2026,New Questionnaire Captures How Older Adults Really Experience Daily Life - Bioengineer.org,https://bioengineer.org/new-questionnaire-captures-how-older-adults-really-experience-daily-life/,bioengineer.org,,Google News - Researcher - Golos Anat
07/10/2026,Ibiza Linked to 1.4-Ton Cocaine Haul Seized on Ferry to Valencia,https://www.diariodeibiza.com/news/ibiza-cocaine-haul-seized-ferry-valencia-reventon-operation/,diariodeibiza.com,,Companies - Batch 04 (Cytovia→Lyotropic Delivery Systems)
07/10/2026,Lotus Art in Motion Brings 20 Artists from 15 Countries to Ibiza,https://www.diariodeibiza.com/news/lotus-art-motion-ibiza-20-artists-15-countries/,diariodeibiza.com,,Companies - Batch 04 (Cytovia→Lyotropic Delivery Systems)
07/10/2026,"Board of Education grant to help fund extra-, co-curricular activities | The Wetumpka Herald",https://www.tpimediagroup.org/tallasseetribune/thewetumpkaherald/board-of-education-grant-to-help-fund-extra--co-curricular-activities/article_abaf456c-51cb-4d4a-a3fb-a8121d265607.html,tpimediagroup.org,,Companies - Batch 04 (Cytovia→Lyotropic Delivery Systems)
07/10/2026,<b>Hippy</b> Market Punta Arabí Extends Wednesday Magic Through October - Discover Ibiza,https://discoveribiza.com/hippy-market-punta-arabi-extends-wednesday-magic-through-october/,discoveribiza.com,,Companies - Batch 04 (Cytovia→Lyotropic Delivery Systems)
07/10/2026,Mayora Indah posts 46.50 percent profit growth: what it means for Mayora Indah stock,https://www.ad-hoc-news.de/boerse/news/nebenwerte/mayora-indah-posts-46-50-percent-profit-growth-what-it-means-for-mayora/70248754,ad-hoc-news.de,,Companies - Batch 05 (MED PNC→Phenom Networks)
06/10/2026,Harrell carries fifth athlete contest win,https://www.lowndessignal.com/sports/harrell-carries-fifth-athlete-contest-win-c35daee9/,lowndessignal.com,,Companies - Batch 04 (Cytovia→Lyotropic Delivery Systems)
06/10/2026,,https://www.digikala.com/product/dkp-22510326/%D8%AE%D9%85%DB%8C%D8%B1-%D8%A8%DB%8C%D9%88%D9%BE%D8%B1%D9%88%D8%AA%DA%A9%D8%AA-%D9%88%D8%AA-%D8%A7%DA%A9%D8%B3%D9%BE%D8%B1%D8%AA-%D8%B3%DA%AF-%D9%88-%DA%AF%D8%B1%D8%A8%D9%87-%D9%85%D8%AF%D9%84-bioprotect-paste-%D9%85%D9%86%D8%A7%D8%B3%D8%A8-%D8%A8%D8%B1%D8%A7%DB%8C-%D8%B3%D9%84%D8%A7%D9%85%D8%AA-%D8%AF%D8%B3%D8%AA%DA%AF%D8%A7%D9%87-%DA%AF%D9%88%D8%A7%D8%B1%D8%B4-%D8%AD%D8%AC%D9%85-15-%D9%85%DB%8C%D9%84%DB%8C%D9%84%DB%8C%D8%AA%D8%B1/?product_id=22510326&variant_id=82714550,digikala.com,,Companies - Batch 03 (AMAT (S) PTE.→Cooling Crops)
06/10/2026,Keynote address - Islamic Finance News Asia Forum 2026 - the BIS,https://www.bis.org/speeches/20261006-keynote-address-islamic-finance-news-asia-forum-2026,bis.org,,Companies - Batch 05 (MED PNC→Phenom Networks)
06/10/2026,One Last Summer Dance with <b>Hippy</b> House &amp; Ibiza Spotlight,https://www.ibiza-spotlight.com/event/hippy-house,ibiza-spotlight.com,,Companies - Batch 04 (Cytovia→Lyotropic Delivery Systems)
06/10/2026,R5 Irish Stallion Farms Ebf Navigation Stakes (Listed) - Killarney Results - Racenet,https://www.racenet.com.au/results/horse-racing/killarney-ire-20261005/irish-stallion-farms-ebf-navigation-stakes-listed-race-5,racenet.com.au,,Companies - Batch 04 (Cytovia→Lyotropic Delivery Systems)
06/10/2026,Instagram model Demi Rose Mawby vanished and became a cat lady after tragedy hit,https://nypost.com/2026/10/05/entertainment/instagram-model-demi-rose-mawby-vanished-and-became-a-cat-lady-after-tragedy-hit/,nypost.com,,Companies - Batch 04 (Cytovia→Lyotropic Delivery Systems)
05/10/2026,"<b>HIPPY</b> to hold fall festival, literacy loop - Lowndes Signal",https://www.lowndessignal.com/news/lowndes-hippy-program-to-hold-fall-festival-and-litteracy-loop-4e5f4a7e,lowndessignal.com,,Companies - Batch 04 (Cytovia→Lyotropic Delivery Systems)
05/10/2026,"UOB Malaysia, RHB Banking and Maybank execute landmark <b>MYOR</b>-based transaction",https://newswav.com/article/uob-malaysia-rhb-banking-and-maybank-execute-landmark-myor-based-transactio-A2610_UzlZ2V,newswav.com,,Companies - Batch 05 (MED PNC→Phenom Networks)
04/10/2026,Northam 05 October 2026 Race 7 - thedogs,https://www.thedogs.com.au/racing/northam/2026-10-05/7/signup-wa?trial=false,thedogs.com.au,,Companies - Batch 04 (Cytovia→Lyotropic Delivery Systems)
04/10/2026,Ibiza Spotlight&#39;s 50th Anniversary Party plans finally revealed,https://www.ibiza-spotlight.com/magazine/2026/09/ibiza-spotlights-fiftieth-anniversary-party-plans-finally-revealed,ibiza-spotlight.com,,Companies - Batch 04 (Cytovia→Lyotropic Delivery Systems)
04/10/2026,New Questionnaire Captures How and Why Adolescents Join Everyday Activities - Bioengineer.org,https://bioengineer.org/new-questionnaire-captures-how-and-why-adolescents-join-everyday-activities/,bioengineer.org,,Google News - Researcher - Golos Anat
04/10/2026,Amazing Facts About The Brand Tommy Hilfiger | What A Brand Princess Cruises (ukZM8mQQII),https://media.unisba.ac.id/bf013df2/96a48600HjsJHksui-4,media.unisba.ac.id,,Companies - Batch 04 (Cytovia→Lyotropic Delivery Systems)
03/10/2026,,https://www.idnfinancials.com/ru/company/prospectus/MYOR?sl=ru,idnfinancials.com,,Companies - Batch 05 (MED PNC→Phenom Networks)
